Datetime,Water Level (m)
2025-08-16 00:00:00,0.92153776
2025-08-16 01:00:00,0.60197616
2025-08-16 02:00:00,0.35329795
2025-08-16 03:00:00,0.1721935
2025-08-16 04:00:00,0.05317859
2025-08-16 05:00:00,-0.006740958
2025-08-16 06:00:00,0.067890145
2025-08-16 07:00:00,0.40806338
2025-08-16 08:00:00,0.7358365
2025-08-16 09:00:00,0.9574663
2025-08-16 10:00:00,1.0734328
2025-08-16 11:00:00,1.0401248
2025-08-16 12:00:00,0.831703
2025-08-16 13:00:00,0.5451162
2025-08-16 14:00:00,0.29824308
2025-08-16 15:00:00,0.111720555
2025-08-16 16:00:00,-0.02864873
2025-08-16 17:00:00,-0.11270614
2025-08-16 18:00:00,-0.10044546
2025-08-16 19:00:00,0.12361454
2025-08-16 20:00:00,0.4867463
2025-08-16 21:00:00,0.7463363
2025-08-16 22:00:00,0.96595675
2025-08-16 23:00:00,1.1227404
2025-08-17 00:00:00,1.1483104
2025-08-17 01:00:00,1.0482166
2025-08-17 02:00:00,0.82889766
2025-08-17 03:00:00,0.62077236
2025-08-17 04:00:00,0.46276155
2025-08-17 05:00:00,0.33629826
2025-08-17 06:00:00,0.2808473
2025-08-17 07:00:00,0.3421402
2025-08-17 08:00:00,0.5382808
2025-08-17 09:00:00,0.77877784
2025-08-17 10:00:00,0.95145077
2025-08-17 11:00:00,1.0227549
2025-08-17 12:00:00,1.0200689
2025-08-17 13:00:00,0.92721856
2025-08-17 14:00:00,0.75423396
2025-08-17 15:00:00,0.5769441
2025-08-17 16:00:00,0.41088232
2025-08-17 17:00:00,0.2687455
2025-08-17 18:00:00,0.17111748
2025-08-17 19:00:00,0.16267997
2025-08-17 20:00:00,0.31903902
2025-08-17 21:00:00,0.62519413
2025-08-17 22:00:00,0.8813204
2025-08-17 23:00:00,1.0795277
2025-08-18 00:00:00,1.2166388
2025-08-18 01:00:00,1.282606
2025-08-18 02:00:00,1.2719774
2025-08-18 03:00:00,1.1689355
2025-08-18 04:00:00,1.0207025
2025-08-18 05:00:00,0.8458708
2025-08-18 06:00:00,0.6825119
2025-08-18 07:00:00,0.56398976
2025-08-18 08:00:00,0.5028923
2025-08-18 09:00:00,0.50557196
2025-08-18 10:00:00,0.6449644
2025-08-18 11:00:00,0.8815141
2025-08-18 12:00:00,1.0396959
2025-08-18 13:00:00,1.0930564
2025-08-18 14:00:00,1.0652595
2025-08-18 15:00:00,0.9497773
2025-08-18 16:00:00,0.76381785
2025-08-18 17:00:00,0.5828351
2025-08-18 18:00:00,0.440287
2025-08-18 19:00:00,0.34318113
2025-08-18 20:00:00,0.30541122
2025-08-18 21:00:00,0.3386176
2025-08-18 22:00:00,0.5081376
2025-08-18 23:00:00,0.8310539
2025-08-19 00:00:00,1.112222
2025-08-19 01:00:00,1.3182701
2025-08-19 02:00:00,1.4432552
2025-08-19 03:00:00,1.4633768
2025-08-19 04:00:00,1.3886049
2025-08-19 05:00:00,1.1981583
2025-08-19 06:00:00,0.99090236
2025-08-19 07:00:00,0.81297934
2025-08-19 08:00:00,0.65699244
2025-08-19 09:00:00,0.5327814
2025-08-19 10:00:00,0.4530635
2025-08-19 11:00:00,0.47632787
2025-08-19 12:00:00,0.6574998
2025-08-19 13:00:00,0.883521
2025-08-19 14:00:00,1.0402013
2025-08-19 15:00:00,1.1045206
2025-08-19 16:00:00,1.0515983
2025-08-19 17:00:00,0.84146017
2025-08-19 18:00:00,0.59727025
2025-08-19 19:00:00,0.39420992
2025-08-19 20:00:00,0.22892046
2025-08-19 21:00:00,0.122241445
2025-08-19 22:00:00,0.119736485
2025-08-19 23:00:00,0.3102382
2025-08-20 00:00:00,0.73054785
2025-08-20 01:00:00,1.084278
2025-08-20 02:00:00,1.3407321
2025-08-20 03:00:00,1.5053504
2025-08-20 04:00:00,1.5387249
2025-08-20 05:00:00,1.4286925
2025-08-20 06:00:00,1.1446805
2025-08-20 07:00:00,0.85242665
2025-08-20 08:00:00,0.6263985
2025-08-20 09:00:00,0.4424601
2025-08-20 10:00:00,0.30814698
2025-08-20 11:00:00,0.2447064
2025-08-20 12:00:00,0.34016597
2025-08-20 13:00:00,0.6747582
2025-08-20 14:00:00,0.97654426
2025-08-20 15:00:00,1.1850907
2025-08-20 16:00:00,1.2923177
2025-08-20 17:00:00,1.2384868
2025-08-20 18:00:00,1.0056094
2025-08-20 19:00:00,0.6977105
2025-08-20 20:00:00,0.45360965
2025-08-20 21:00:00,0.26345617
2025-08-20 22:00:00,0.12637126
2025-08-20 23:00:00,0.09355122
2025-08-21 00:00:00,0.29403678
2025-08-21 01:00:00,0.7575977
2025-08-21 02:00:00,1.1151103
2025-08-21 03:00:00,1.3924323
2025-08-21 04:00:00,1.5762597
2025-08-21 05:00:00,1.5797951
2025-08-21 06:00:00,1.4173294
2025-08-21 07:00:00,1.0530916
2025-08-21 08:00:00,0.73920923
2025-08-21 09:00:00,0.50866234
2025-08-21 10:00:00,0.30973908
2025-08-21 11:00:00,0.17343336
2025-08-21 12:00:00,0.07815501
2025-08-21 13:00:00,0.22954758
2025-08-21 14:00:00,0.6854062
2025-08-21 15:00:00,1.0289785
2025-08-21 16:00:00,1.2562072
2025-08-21 17:00:00,1.3566017
2025-08-21 18:00:00,1.2362617
2025-08-21 19:00:00,0.923608
2025-08-21 20:00:00,0.5861457
2025-08-21 21:00:00,0.32591984
2025-08-21 22:00:00,0.111278646
2025-08-21 23:00:00,-0.04577553
2025-08-22 00:00:00,-0.09451795
